first_name	last_name	company_name	city	phone	email
James	Butt	"Benton, John B Jr"	New Orleans	504-621-8927	jbutt@gmail.com
Josephine	Darakjy	"Chanay, Jeffrey A Esq"	Brighton	810-292-9388	josephine_darakjy@darakjy.org
Art	Venere	"Chemel, James L Cpa"	Bridgeport	856-636-8749	art@venere.org
Lenna	Paprocki	Feltz Printing Service	Anchorage	907-385-4412	lpaprocki@hotmail.com
Donette	Foller	Printing Dimensions	Hamilton	513-570-1893	donette.foller@cox.net
Simona	Morasca	"Chapman, Ross E Esq"	Ashland	419-503-2484	simona@morasca.com
Mitsue	Tollner	Morlong Associates	Chicago	773-573-6914	mitsue_tollner@yahoo.com
Leota	Dilliard	Commercial Press	San Jose	408-752-3500	leota@hotmail.com
Sage	Wieser	Truhlar And Truhlar Attys	Sioux Falls	605-414-2147	sage_wieser@cox.net
Kris	Marrier	"King, Christopher A Esq"	Baltimore	410-655-8723	kris@gmail.com
Minna	Amigon	"Dorl, James J Esq"	Kulpsville	215-874-1229	minna_amigon@yahoo.com
Abel	Maclead	Rangoni Of Florence	Middle Island	631-335-3414	amaclead@gmail.com
Kiley	Caldarera	Feiner Bros	Los Angeles	310-498-5651	kiley.caldarera@aol.com
Graciela	Ruta	Buckley Miller & Wright	Chagrin Falls	440-780-8425	gruta@cox.net
Cammy	Albares	"Rousseaux, Michael Esq"	Laredo	956-537-6195	calbares@gmail.com
Mattie	Poquette	Century Communications	Phoenix	602-277-4385	mattie@aol.com
Meaghan	Garufi	"Bolton, Wilbur Esq"	Mc Minnville	931-313-9635	meaghan@hotmail.com
Gladys	Rim	T M Byxbee Company Pc	Milwaukee	414-661-9598	gladys.rim@rim.org
Yuki	Whobrey	Farmers Insurance Group	Taylor	313-288-7937	yuki_whobrey@aol.com
Fletcher	Flosi	Post Box Services Plus	Rockford	815-828-2147	fletcher.flosi@yahoo.com
Bette	Nicka	Sport En Art	Aston	610-545-3615	bette_nicka@cox.net
Veronika	Inouye	C 4 Network Inc	San Jose	408-540-1785	vinouye@aol.com
Willard	Kolmetz	"Ingalls, Donald R Esq"	Irving	972-303-9197	willard@hotmail.com
Maryann	Royster	"Franklin, Peter L Esq"	Albany	518-966-7987	mroyster@royster.com
Alisha	Slusarski	Wtlz Power 107 Fm	Middlesex	732-658-3154	alisha@slusarski.com
Allene	Iturbide	"Ledecky, David Esq"	Stevens Point	715-662-6764	allene_iturbide@cox.net
Chanel	Caudy	Professional Image Inc	Shawnee	913-388-2079	chanel.caudy@caudy.org
Ezekiel	Chui	"Sider, Donald C Esq"	Easton	410-669-1642	ezekiel@chui.com
Willow	Kusko	U Pull It	New York	212-582-4976	wkusko@yahoo.com
Bernardo	Figeroa	"Clark, Richard Cpa"	Conroe	936-336-3951	bfigeroa@aol.com
Ammie	Corrio	"Moskowitz, Barry S"	Columbus	614-801-9788	ammie@corrio.com
Francine	Vocelka	Cascade Realty Advisors Inc	Las Cruces	505-977-3911	francine_vocelka@vocelka.com
Ernie	Stenseth	Knwz Newsradio	Ridgefield Park	201-709-6245	ernie_stenseth@aol.com
Albina	Glick	"Giampetro, Anthony D"	Dunellen	732-924-7882	albina@glick.com
Alishia	Sergi	Milford Enterprises Inc	New York	212-860-1579	asergi@gmail.com
Solange	Shinko	"Mosocco, Ronald A"	Metairie	504-979-9175	solange@shinko.com
Jose	Stockham	Tri State Refueler Co	New York	212-675-8570	jose@yahoo.com
Rozella	Ostrosky	Parkway Company	Camarillo	805-832-6163	rozella.ostrosky@ostrosky.com
Valentine	Gillian	Fbs Business Finance	San Antonio	210-812-9597	valentine_gillian@gmail.com
Kati	Rulapaugh	Eder Assocs Consltng Engrs Pc	Abilene	785-463-7829	kati.rulapaugh@hotmail.com
Youlanda	Schemmer	Tri M Tool Inc	Prineville	541-548-8197	youlanda@aol.com
Dyan	Oldroyd	International Eyelets Inc	Overland Park	913-413-4604	doldroyd@aol.com
Roxane	Campain	Rapid Trading Intl	Fairbanks	907-231-4722	roxane@hotmail.com
Lavera	Perin	Abc Enterprises Inc	Miami	305-606-7291	lperin@perin.org
Erick	Ferencz	Cindy Turner Associates	Fairbanks	907-741-1044	erick.ferencz@aol.com
Fatima	Saylors	"Stanton, James D Esq"	Hopkins	952-768-2416	fsaylors@saylors.org
Jina	Briddick	Grace Pastries Inc	Boston	617-399-5124	jina_briddick@briddick.com
Kanisha	Waycott	"Schroer, Gene E Esq"	Los Angeles	323-453-2780	kanisha_waycott@yahoo.com
Emerson	Bowley	Knights Inn	Madison	608-336-7444	emerson.bowley@bowley.org
Blair	Malet	Bollinger Mach Shp & Shipyard	Philadelphia	215-907-9111	bmalet@yahoo.com
Brock	Bolognia	Orinda News	New York	212-402-9216	bbolognia@yahoo.com
Lorrie	Nestle	Ballard Spahr Andrews	Tullahoma	931-875-6644	lnestle@hotmail.com
Sabra	Uyetake	Lowy Limousine Service	Columbia	803-925-5213	sabra@uyetake.org
Marjory	Mastella	Vicon Corporation	Wayne	610-814-5533	mmastella@mastella.com
Karl	Klonowski	"Rossi, Michael M"	Flemington	908-877-6135	karl_klonowski@yahoo.com
Tonette	Wenner	Northwest Publishing	Westbury	516-968-6051	twenner@aol.com
Amber	Monarrez	Branford Wire & Mfg Co	Jenkintown	215-934-8655	amber_monarrez@monarrez.org
Shenika	Seewald	East Coast Marketing	Van Nuys	818-423-4007	shenika@gmail.com
Delmy	Ahle	Wye Technologies Inc	Providence	401-458-2547	delmy.ahle@hotmail.com
Deeanna	Juhas	"Healy, George W Iv"	Huntingdon Valley	215-211-9589	deeanna_juhas@gmail.com
Blondell	Pugh	Alpenlite Inc	Providence	401-960-8259	bpugh@aol.com
Jamal	Vanausdal	"Hubbard, Bruce Esq"	Monroe Township	732-234-1546	jamal@vanausdal.org
Cecily	Hollack	Arthur A Oliver & Son Inc	Austin	512-486-3817	cecily@hollack.org
Carmelina	Lindall	George Jessop Carter Jewelers	Littleton	303-724-7371	carmelina_lindall@lindall.com
Maurine	Yglesias	"Schultz, Thomas C Md"	Milwaukee	414-748-1374	maurine_yglesias@yglesias.com
Tawna	Buvens	H H H Enterprises Inc	New York	212-674-9610	tawna@gmail.com
Penney	Weight	Hawaiian King Hotel	Anchorage	907-797-9628	penney_weight@aol.com
Elly	Morocco	Killion Industries	Erie	814-393-5571	elly_morocco@gmail.com
Ilene	Eroman	"Robinson, William J Esq"	Glen Burnie	410-914-9018	ilene.eroman@hotmail.com
Vallie	Mondella	Private Properties	Boise	208-862-5339	vmondella@mondella.com
Kallie	Blackwood	Rowley Schlimgen Inc	San Francisco	415-315-2761	kallie.blackwood@gmail.com
Johnetta	Abdallah	Forging Specialties	Chapel Hill	919-225-9345	johnetta_abdallah@aol.com
Bobbye	Rhym	"Smits, Patricia Garity"	San Carlos	650-528-5783	brhym@rhym.com
Micaela	Rhymes	H Lee Leonard Attorney At Law	Concord	925-647-3298	micaela_rhymes@gmail.com
Tamar	Hoogland	A K Construction Co	London	740-343-8575	tamar@hotmail.com
Moon	Parlato	"Ambelang, Jessica M Md"	Wellsville	585-866-8313	moon@yahoo.com
Laurel	Reitler	Q A Service	Baltimore	410-520-4832	laurel_reitler@reitler.com
Delisa	Crupi	Wood & Whitacre Contractors	Newark	973-354-2040	delisa.crupi@crupi.com
Viva	Toelkes	Mark Iv Press Ltd	Chicago	773-446-5569	viva.toelkes@gmail.com
Elza	Lipke	Museum Of Science & Industry	Newark	973-927-3447	elza@yahoo.com
Devorah	Chickering	Garrison Ind	Clovis	505-975-8559	devorah@hotmail.com
Timothy	Mulqueen	Saronix Nymph Products	Staten Island	718-332-6527	timothy_mulqueen@mulqueen.org
Arlette	Honeywell	Smc Inc	Jacksonville	904-775-4480	ahoneywell@honeywell.com
Dominque	Dickerson	E A I Electronic Assocs Inc	Hayward	510-993-3758	dominque.dickerson@dickerson.org
Lettie	Isenhower	"Conte, Christopher A Esq"	Beachwood	216-657-7668	lettie_isenhower@yahoo.com
Myra	Munns	Anker Law Office	Euless	817-914-7518	mmunns@cox.net
Stephaine	Barfield	Beutelschies & Company	Gardena	310-774-7643	stephaine@barfield.com
Lai	Gato	"Fligg, Kenneth I Jr"	Evanston	847-728-7286	lai.gato@gato.org
Stephen	Emigh	"Sharp, J Daniel Esq"	Akron	330-537-5358	stephen_emigh@hotmail.com
Tyra	Shields	"Assink, Anne H Esq"	Philadelphia	215-255-1641	tshields@gmail.com
Tammara	Wardrip	Jewel My Shop Inc	Burlingame	650-803-1936	twardrip@cox.net
Cory	Gibes	Chinese Translation Resources	San Gabriel	626-572-1096	cory.gibes@gmail.com
Danica	Bruschke	"Stevens, Charles T"	Waco	254-782-8569	danica_bruschke@gmail.com
Wilda	Giguere	"Mclaughlin, Luther W Cpa"	Anchorage	907-870-5536	wilda@cox.net
Elvera	Benimadho	Tree Musketeers	San Jose	408-703-8505	elvera.benimadho@cox.net
Carma	Vanheusen	Springfield Div Oh Edison Co	San Leandro	510-503-7169	carma@cox.net
Malinda	Hochard	Logan Memorial Hospital	Indianapolis	317-722-5066	malinda.hochard@yahoo.com
Natalie	Fern	"Kelly, Charles G Esq"	Rock Springs	307-704-8713	natalie.fern@hotmail.com
Lisha	Centini	Industrial Paper Shredders Inc	Mc Lean	703-235-3937	lisha@centini.org
Arlene	Klusman	Beck Horizon Builders	New Orleans	504-710-5840	arlene_klusman@gmail.com
Alease	Buemi	Porto Cayo At Hawks Cay	Boulder	303-301-4946	alease@buemi.com
Louisa	Cronauer	Pacific Grove Museum Ntrl Hist	San Leandro	510-828-7047	louisa@cronauer.com
Angella	Cetta	Bender & Hatley Pc	Honolulu	808-892-7943	angella.cetta@hotmail.com
Cyndy	Goldammer	Di Cristina J & Son	Burnsville	952-334-9408	cgoldammer@cox.net
Rosio	Cork	Green Goddess	High Point	336-243-5659	rosio.cork@gmail.com
Celeste	Korando	American Arts & Graphics	Lynbrook	516-509-2347	ckorando@hotmail.com
Twana	Felger	Opryland Hotel	Portland	503-939-3153	twana.felger@felger.org
Estrella	Samu	Marking Devices Pubg Co	Beloit	608-976-7199	estrella@aol.com
Donte	Kines	W Tc Industries Inc	Worcester	508-429-8576	dkines@hotmail.com
Tiffiny	Steffensmeier	Whitehall Robbins Labs Divsn	Miami	305-385-9695	tiffiny_steffensmeier@cox.net
Edna	Miceli	Sampler	Erie	814-460-2655	emiceli@miceli.org
Sue	Kownacki	Juno Chefs Incorporated	Mesquite	972-666-3413	sue@aol.com
Jesusa	Shin	"Carroccio, A Thomas Esq"	Tullahoma	931-273-8709	jshin@shin.com
Rolland	Francescon	"Stanley, Richard L Esq"	Paterson	973-649-2922	rolland@cox.net
Pamella	Schmierer	K Cs Cstm Mouldings Windows	Homestead	305-420-8970	pamella.schmierer@schmierer.org
Glory	Kulzer	Comfort Inn	Owings Mills	410-224-9462	gkulzer@kulzer.org
Shawna	Palaspas	"Windsor, James L Esq"	Thousand Oaks	805-275-3566	shawna_palaspas@palaspas.org
Brandon	Callaro	Jackson Shields Yeiser	Honolulu	808-215-6832	brandon_callaro@hotmail.com
Scarlet	Cartan	"Box, J Calvin Esq"	Albany	229-735-3378	scarlet.cartan@yahoo.com
Oretha	Menter	Custom Engineering Inc	Boston	617-418-5043	oretha_menter@yahoo.com
Ty	Smith	Bresler Eitel Framg Gllry Ltd	Hackensack	201-672-1553	tsmith@aol.com
Xuan	Rochin	"Carol, Drake Sparks Esq"	San Mateo	650-933-5072	xuan@gmail.com
Lindsey	Dilello	Biltmore Investors Bank	Ontario	909-639-9887	lindsey.dilello@hotmail.com
Devora	Perez	Desco Equipment Corp	Oakland	510-955-3016	devora_perez@perez.org
Herman	Demesa	Merlin Electric Co	Troy	518-497-2940	hdemesa@cox.net
Rory	Papasergi	Bailey Cntl Co Div Babcock	Clarks Summit	570-867-7489	rpapasergi@cox.net
Talia	Riopelle	Ford Brothers Wholesale Inc	Orange	973-245-2133	talia_riopelle@aol.com
Van	Shire	Cambridge Inn	Pittstown	908-409-2890	van.shire@shire.com
Lucina	Lary	"Matricciani, Albert J Jr"	Cocoa	321-749-4981	lucina_lary@cox.net
Bok	Isaacs	Nelson Hawaiian Ltd	Bronx	718-809-3762	bok.isaacs@aol.com
Rolande	Spickerman	Neland Travel Agency	Pearl City	808-315-3077	rolande.spickerman@spickerman.com
Howard	Paulas	"Asendorf, J Alan Esq"	Denver	303-623-4241	hpaulas@gmail.com
Kimbery	Madarang	"Silberman, Arthur L Esq"	Rockaway	973-310-1634	kimbery_madarang@cox.net
Thurman	Manno	Honey Bee Breeding Genetics &	Absecon	609-524-3586	thurman.manno@yahoo.com
Becky	Mirafuentes	Wells Kravitz Schnitzer	Plainfield	908-877-8409	becky.mirafuentes@mirafuentes.com
Beatriz	Corrington	Prohab Rehabilitation Servs	Middleboro	508-584-4279	beatriz@yahoo.com
Marti	Maybury	"Eldridge, Kristin K Esq"	Chicago	773-775-4522	marti.maybury@yahoo.com
Nieves	Gotter	"Vlahos, John J Esq"	Portland	503-527-5274	nieves_gotter@gmail.com
Leatha	Hagele	Ninas Indian Grs & Videos	Dallas	214-339-1809	lhagele@cox.net
Valentin	Klimek	"Schmid, Gayanne K Esq"	Chicago	312-303-5453	vklimek@klimek.org
Melissa	Wiklund	Moapa Valley Federal Credit Un	Findlay	419-939-3613	melissa@cox.net
Sheridan	Zane	Kentucky Tennessee Clay Co	Riverside	951-645-3605	sheridan.zane@zane.com
Bulah	Padilla	Admiral Party Rentals & Sales	Waco	254-463-4368	bulah_padilla@hotmail.com
Audra	Kohnert	"Nelson, Karolyn King Esq"	Nashville	615-406-7854	audra@kohnert.com
Daren	Weirather	Panasystems	Milwaukee	414-959-2540	dweirather@aol.com
Fernanda	Jillson	"Shank, Edward L Esq"	Preston	410-387-5260	fjillson@aol.com
Gearldine	Gellinger	Megibow & Edwards	Irving	972-934-6914	gearldine_gellinger@gellinger.com
Chau	Kitzman	"Benoff, Edward Esq"	Beverly Hills	310-560-8022	chau@gmail.com
Theola	Frey	Woodbridge Free Public Library	Massapequa	516-948-5768	theola_frey@frey.com
Cheryl	Haroldson	New York Life John Thune	Atlantic City	609-518-7697	cheryl@haroldson.org
Laticia	Merced	Alinabal Inc	Cincinnati	513-508-7371	lmerced@gmail.com
Carissa	Batman	"Poletto, Kim David Esq"	Eugene	541-326-4074	carissa.batman@yahoo.com
Lezlie	Craghead	"Chang, Carolyn Esq"	Smithfield	919-533-3762	lezlie.craghead@craghead.org
Ozell	Shealy	Silver Bros Inc	New York	212-332-8435	oshealy@hotmail.com
Arminda	Parvis	Newtec Inc	Phoenix	602-906-9419	arminda@parvis.com
Reita	Leto	Creative Business Systems	Indianapolis	317-234-1135	reita.leto@gmail.com
Yolando	Luczki	Dal Tile Corporation	Syracuse	315-304-4759	yolando@cox.net
Lizette	Stem	Edward S Katz	Cherry Hill	856-487-5412	lizette.stem@aol.com
Gregoria	Pawlowicz	Oh My Goodknits Inc	Garden City	516-212-1915	gpawlowicz@yahoo.com
Carin	Deleo	"Redeker, Debbie"	Little Rock	501-308-1040	cdeleo@deleo.com
Chantell	Maynerich	Desert Sands Motel	Saint Paul	651-591-2583	chantell@yahoo.com
Dierdre	Yum	Cummins Southern Plains Inc	Philadelphia	215-325-3042	dyum@yahoo.com
Larae	Gudroe	Lehigh Furn Divsn Lehigh	Houma	985-890-7262	larae_gudroe@gmail.com
Latrice	Tolfree	United Van Lines Agent	Ronkonkoma	631-957-7624	latrice.tolfree@hotmail.com
Kerry	Theodorov	Capitol Reporters	Sacramento	916-591-3277	kerry.theodorov@gmail.com
Dorthy	Hidvegi	Kwik Kopy Printing	Boise	208-649-2373	dhidvegi@yahoo.com
Fannie	Lungren	Centro Inc	Round Rock	512-587-5746	fannie.lungren@yahoo.com
Evangelina	Radde	"Campbell, Jan Esq"	Philadelphia	215-964-3284	evangelina@aol.com
Novella	Degroot	"Evans, C Kelly Esq"	Hilo	808-477-4775	novella_degroot@degroot.org
Clay	Hoa	Scat Enterprises	Reno	775-501-8109	choa@hoa.org
Jennifer	Fallick	"Nagle, Daniel J Esq"	Wheeling	847-979-9545	jfallick@yahoo.com
Irma	Wolfgramm	Serendiquity Bed & Breakfast	Randolph	973-545-7355	irma.wolfgramm@hotmail.com
Eun	Coody	Ray Carolyne Realty	Spartanburg	864-256-3620	eun@yahoo.com
Sylvia	Cousey	"Berg, Charles E"	Hampstead	410-209-9545	sylvia_cousey@cousey.org
Nana	Wrinkles	"Ray, Milbern D"	Mount Vernon	914-855-2115	nana@aol.com
Layla	Springe	Chadds Ford Winery	New York	212-260-3151	layla.springe@cox.net
Joesph	Degonia	A R Packaging	Berkeley	510-677-9785	joesph_degonia@degonia.org
Annabelle	Boord	Corn Popper	Concord	978-697-6263	annabelle.boord@cox.net
Stephaine	Vinning	Birite Foodservice Distr	San Francisco	415-767-6596	stephaine@cox.net
Nelida	Sawchuk	Anchorage Museum Of Hist & Art	Paramus	201-971-1638	nelida@gmail.com
Marguerita	Hiatt	"Haber, George D Md"	Oakley	925-634-7158	marguerita.hiatt@gmail.com
Carmela	Cookey	Royal Pontiac Olds Inc	Chicago	773-494-4195	ccookey@cookey.org
Junita	Brideau	Leonards Antiques Inc	Cedar Grove	973-943-3423	jbrideau@aol.com
Claribel	Varriano	Meca	Perrysburg	419-544-4900	claribel_varriano@cox.net
Benton	Skursky	Nercon Engineering & Mfg Inc	Gardena	310-579-2907	benton.skursky@aol.com
Hillary	Skulski	Replica I	Homosassa	352-242-2570	hillary.skulski@aol.com
Merilyn	Bayless	20 20 Printing Inc	Santa Clara	408-758-5015	merilyn_bayless@cox.net
Teri	Ennaco	Publishers Group West	Hazleton	570-889-5187	tennaco@gmail.com
Merlyn	Lawler	"Nischwitz, Jeffrey L Esq"	Jersey City	201-588-7810	merlyn_lawler@hotmail.com
Georgene	Montezuma	Payne Blades & Wellborn Pa	San Ramon	925-615-5185	gmontezuma@cox.net
Jettie	Mconnell	Coldwell Bnkr Wright Real Est	Bridgewater	908-802-3564	jmconnell@hotmail.com
Lemuel	Latzke	Computer Repair Service	Bohemia	631-748-6479	lemuel.latzke@gmail.com
Melodie	Knipp	Fleetwood Building Block Inc	Thousand Oaks	805-690-1682	mknipp@gmail.com
Candida	Corbley	Colts Neck Medical Assocs Inc	Somerville	908-275-8357	candida_corbley@hotmail.com
Karan	Karpin	New England Taxidermy	Beaverton	503-940-8327	karan_karpin@gmail.com
Andra	Scheyer	"Ludcke, George O Esq"	Salem	503-516-2189	andra@gmail.com
Felicidad	Poullion	"Mccorkle, Tom S Esq"	Riverton	856-305-9731	fpoullion@poullion.com
Belen	Strassner	Eagle Software Inc	Douglasville	770-507-8791	belen_strassner@aol.com
Gracia	Melnyk	Juvenile & Adult Super	Jacksonville	904-235-3633	gracia@melnyk.com
Jolanda	Hanafan	"Perez, Joseph J Esq"	Bangor	207-458-9196	jhanafan@gmail.com
Barrett	Toyama	Case Foundation Co	Kennedale	817-765-5781	barrett.toyama@toyama.org
Helga	Fredicks	Eis Environmental Engrs Inc	Buffalo	716-752-4114	helga_fredicks@yahoo.com
Ashlyn	Pinilla	Art Crafters	Opa Locka	305-670-9628	apinilla@cox.net
Fausto	Agramonte	Marriott Hotels Resorts Suites	New York	212-313-1783	fausto_agramonte@yahoo.com
Ronny	Caiafa	Remaco Inc	Philadelphia	215-605-7570	ronny.caiafa@caiafa.org
Marge	Limmel	"Bjork, Robert D Jr"	Crestview	850-430-1663	marge@gmail.com
Norah	Waymire	"Carmichael, Jeffery L Esq"	San Francisco	415-306-7897	norah.waymire@gmail.com
Aliza	Baltimore	"Andrews, J Robert Esq"	San Jose	408-504-3552	aliza@aol.com
Mozell	Pelkowski	Winship & Byrne	South San Francisco	650-947-1215	mpelkowski@pelkowski.org
Viola	Bitsuie	Burton & Davis	Northridge	818-864-4875	viola@gmail.com
Franklyn	Emard	Olympic Graphic Arts	Philadelphia	215-558-8189	femard@emard.com
Willodean	Konopacki	Magnuson	Lafayette	337-253-8384	willodean_konopacki@konopacki.org
Beckie	Silvestrini	A All American Travel Inc	Dearborn	313-533-4884	beckie.silvestrini@silvestrini.com
Rebecka	Gesick	Polykote Inc	Austin	512-213-8574	rgesick@gesick.org
Frederica	Blunk	Jets Cybernetics	Dallas	214-428-2285	frederica_blunk@gmail.com
Glen	Bartolet	Metlab Testing Services	Vashon	206-697-5796	glen_bartolet@hotmail.com
Freeman	Gochal	"Kellermann, William T Esq"	Coatesville	610-476-3501	freeman_gochal@aol.com
Vincent	Meinerding	"Arturi, Peter D Esq"	Philadelphia	215-372-1718	vincent.meinerding@hotmail.com
Rima	Bevelacqua	Mcauley Mfg Co	Gardena	310-858-5079	rima@cox.net
Glendora	Sarbacher	Defur Voran Hanley Radcliff	Rohnert Park	707-653-8214	gsarbacher@gmail.com
Avery	Steier	Dill Dill Carr & Stonbraker Pc	Orlando	407-808-9439	avery@cox.net
Cristy	Lother	Kleensteel	Escondido	760-971-4322	cristy@lother.com
Nicolette	Brossart	Goulds Pumps Inc Slurry Pump	Westborough	508-837-9230	nicolette_brossart@brossart.com
Tracey	Modzelewski	Kansas City Insurance Report	Conroe	936-264-9294	tracey@hotmail.com
Virgina	Tegarden	Berhanu International Foods	Milwaukee	414-214-8697	virgina_tegarden@tegarden.com
Tiera	Frankel	Roland Ashcroft	El Monte	626-636-4117	tfrankel@aol.com
Alaine	Bergesen	Hispanic Magazine	Yonkers	914-300-9193	alaine_bergesen@cox.net
Earleen	Mai	Little Sheet Metal Co	Dallas	214-289-1973	earleen_mai@cox.net
Leonida	Gobern	"Holmes, Armstead J Esq"	Biloxi	228-235-5615	leonida@gobern.org
Ressie	Auffrey	"Faw, James C Cpa"	Miami	305-604-8981	ressie.auffrey@yahoo.com
Justine	Mugnolo	Evans Rule Company	New York	212-304-9225	jmugnolo@yahoo.com
Eladia	Saulter	Tyee Productions Inc	Ramsey	201-474-4924	eladia@saulter.com
Chaya	Malvin	Dunnells & Duvall	Ann Arbor	734-928-5182	chaya@malvin.com
Gwenn	Suffield	Deltam Systems Inc	Deer Park	631-258-6558	gwenn_suffield@suffield.org
Salena	Karpel	Hammill Mfg Co	Canton	330-791-8557	skarpel@cox.net
Yoko	Fishburne	Sams Corner Store	New Haven	203-506-4706	yoko@fishburne.com
Taryn	Moyd	"Siskin, Mark J Esq"	Fairfax	703-322-4041	taryn.moyd@hotmail.com
Katina	Polidori	Cape & Associates Real Estate	Wilmington	978-626-2978	katina_polidori@aol.com
Rickie	Plumer	Merrill Lynch	Toledo	419-693-1334	rickie.plumer@aol.com
Alex	Loader	"Sublett, Scott Esq"	Tacoma	253-660-7821	alex@loader.com
Lashon	Vizarro	Sentry Signs	Roseville	916-741-7884	lashon@aol.com
Lauran	Burnard	Professionals Unlimited	Riverton	307-342-7795	lburnard@burnard.com
Ceola	Setter	Southern Steel Shelving Co	Warren	207-627-7565	ceola.setter@setter.org
My	Rantanen	"Bosco, Paul J"	Richboro	215-491-5633	my@hotmail.com
Lorrine	Worlds	"Longo, Nicholas J Esq"	Tampa	813-769-2939	lorrine.worlds@worlds.com
Peggie	Sturiale	Henry County Middle School	El Cajon	619-608-1763	peggie@cox.net
Marvel	Raymo	Edison Supply & Equipment Co	College Station	979-718-8968	mraymo@yahoo.com
Daron	Dinos	"Wolf, Warren R Esq"	Highland Park	847-233-3075	daron_dinos@cox.net
An	Fritz	Linguistic Systems Inc	Atlantic City	609-228-5265	an_fritz@hotmail.com
Portia	Stimmel	Peace Christian Center	Bridgewater	908-722-7128	portia.stimmel@aol.com
Rhea	Aredondo	Double B Foods Inc	Brooklyn	718-560-9537	rhea_aredondo@cox.net
Benedict	Sama	Alexander & Alexander Inc	Saint Louis	314-787-1588	bsama@cox.net
Alyce	Arias	Fairbanks Scales	Stockton	209-317-1801	alyce@arias.org
Heike	Berganza	Cali Sportswear Cutting Dept	Little Falls	973-936-5095	heike@gmail.com
Carey	Dopico	"Garofani, John Esq"	Indianapolis	317-578-2453	carey_dopico@dopico.org
Dottie	Hellickson	Thompson Fabricating Co	Seattle	206-540-6076	dottie@hellickson.org
Deandrea	Hughey	Century 21 Krall Real Estate	Burlington	336-822-7652	deandrea@yahoo.com
Kimberlie	Duenas	Mid Contntl Rlty & Prop Mgmt	Hays	785-629-8542	kimberlie_duenas@yahoo.com
Martina	Staback	Ace Signs Inc	Orlando	407-471-6908	martina_staback@staback.com
Skye	Fillingim	Rodeway Inn	Minneapolis	612-508-2655	skye_fillingim@yahoo.com
Jade	Farrar	Bonnet & Daughter	Columbia	803-352-5387	jade.farrar@yahoo.com
Charlene	Hamilton	Oshins & Gibbons	Santa Rosa	707-300-1771	charlene.hamilton@hotmail.com
Geoffrey	Acey	Price Business Services	Palatine	847-222-1734	geoffrey@gmail.com
Stevie	Westerbeck	"Wise, Dennis W Md"	Costa Mesa	949-867-4077	stevie.westerbeck@yahoo.com
Pamella	Fortino	Super 8 Motel	Denver	303-404-2210	pamella@fortino.com
Harrison	Haufler	John Wagner Associates	New Haven	203-801-6193	hhaufler@hotmail.com
Johnna	Engelberg	Thrifty Oil Co	Bothell	425-986-7573	jengelberg@engelberg.org
Buddy	Cloney	Larkfield Photo	Strongsville	440-989-5826	buddy.cloney@yahoo.com
Dalene	Riden	Silverman Planetarium	Plaistow	603-315-6839	dalene.riden@aol.com
Jerry	Zurcher	J & F Lumber	Satellite Beach	321-518-5938	jzurcher@zurcher.org
Haydee	Denooyer	Cleaning Station Inc	New York	212-792-8658	hdenooyer@denooyer.org
Joseph	Cryer	Ames Stationers	Huntington Beach	714-584-2237	joseph_cryer@cox.net
Deonna	Kippley	Midas Muffler Shops	Southfield	248-913-4677	deonna_kippley@hotmail.com
Raymon	Calvaresi	Seaboard Securities Inc	Indianapolis	317-825-4724	raymon.calvaresi@gmail.com
Alecia	Bubash	"Petersen, James E Esq"	Wichita Falls	940-276-7922	alecia@aol.com
Ma	Layous	Development Authority	North Haven	203-721-3388	mlayous@hotmail.com
Detra	Coyier	Schott Fiber Optics Inc	Aberdeen	410-739-9277	detra@aol.com
Terrilyn	Rodeigues	Stuart J Agins	New Orleans	504-463-4384	terrilyn.rodeigues@cox.net
Salome	Lacovara	Mitsumi Electronics Corp	Richmond	804-550-5097	slacovara@gmail.com
Garry	Keetch	Italian Express Franchise Corp	Southampton	215-979-8776	garry_keetch@hotmail.com
Matthew	Neither	American Council On Sci & Hlth	Shakopee	952-651-7597	mneither@yahoo.com
Theodora	Restrepo	"Kleri, Patricia S Esq"	Miami	305-936-8226	theodora.restrepo@restrepo.com
Noah	Kalafatis	Twiggs Abrams Blanchard	Milwaukee	414-263-5287	noah.kalafatis@aol.com
Carmen	Sweigard	Maui Research & Technology Pk	Somerset	732-941-2621	csweigard@sweigard.com
Lavonda	Hengel	Bradley Nameplate Corp	Fargo	701-898-2154	lavonda@cox.net
Junita	Stoltzman	Geonex Martel Inc	Carson City	775-638-9963	junita@aol.com
Herminia	Nicolozakes	Sea Island Div Of Fstr Ind Inc	Scottsdale	602-954-5141	herminia@nicolozakes.org
Casie	Good	"Papay, Debbie J Esq"	Nashville	615-390-2251	casie.good@aol.com
Reena	Maisto	Lane Promotions	Salisbury	410-351-1863	reena@hotmail.com
Mirta	Mallett	Stephen Kennerly Archts Inc Pc	New York	212-870-1286	mirta_mallett@gmail.com
Cathrine	Pontoriero	Business Systems Of Wis Inc	Amarillo	806-703-1435	cathrine.pontoriero@pontoriero.com
Filiberto	Tawil	"Flash, Elena Salerno Esq"	Los Angeles	323-765-2528	ftawil@hotmail.com
Raul	Upthegrove	"Neeley, Gregory W Esq"	La Mesa	619-509-5282	rupthegrove@yahoo.com
Sarah	Candlish	Alabama Educational Tv Comm	Atlanta	770-732-1194	sarah.candlish@gmail.com
Lucy	Treston	Franz Inc	Worcester	508-769-5250	lucy@cox.net
Judy	Aquas	Plantation Restaurant	Niles	269-756-7222	jaquas@aquas.com
Yvonne	Tjepkema	Radio Communications Co	Fairfield	973-714-1721	yvonne.tjepkema@hotmail.com
Kayleigh	Lace	Dentalaw Divsn Hlth Care	Lafayette	337-740-9323	kayleigh.lace@yahoo.com
Felix	Hirpara	American Speedy Printing Ctrs	Denver	717-491-5643	felix_hirpara@cox.net
Tresa	Sweely	"Grayson, Grant S Esq"	Valley Park	314-359-9566	tresa_sweely@hotmail.com
Kristeen	Turinetti	Jeanerette Middle School	Arlington	817-213-8851	kristeen@gmail.com
Jenelle	Regusters	"Haavisto, Brian F Esq"	Tampa	813-932-8715	jregusters@regusters.com
Renea	Monterrubio	Wmmt Radio Station	Atlanta	770-679-4752	renea@hotmail.com
Olive	Matuszak	Colony Paints Sales Ofc & Plnt	Cathedral City	760-938-6069	olive@aol.com
Ligia	Reiber	Floral Expressions	Lansing	517-906-1108	lreiber@cox.net
Christiane	Eschberger	Casco Services Inc	Phoenix	602-390-4944	christiane.eschberger@yahoo.com
Goldie	Schirpke	"Reuter, Arthur C Jr"	Bangor	207-295-7569	goldie.schirpke@yahoo.com
Loreta	Timenez	"Kaminski, Katherine Andritsaki"	Clinton	301-696-6420	loreta.timenez@hotmail.com
Fabiola	Hauenstein	Sidewinder Products Corp	York	717-809-3119	fabiola.hauenstein@hauenstein.org
Amie	Perigo	General Foam Corporation	Mesquite	972-419-7946	amie.perigo@yahoo.com
Raina	Brachle	Ikg Borden Divsn Harsco Corp	Butte	406-318-1515	raina.brachle@brachle.org
Erinn	Canlas	Anchor Computer Inc	Livingston	973-767-3008	erinn.canlas@canlas.com
Cherry	Lietz	Sebring & Co	Waterford	248-980-6904	cherry@lietz.com
Kattie	Vonasek	H A C Farm Lines Co Optv Assoc	Cleveland	216-923-3715	kattie@vonasek.org
Lilli	Scriven	"Hunter, John J Esq"	Abilene	325-631-1560	lilli@aol.com
Whitley	Tomasulo	Freehold Fence Co	Fort Worth	817-526-4408	whitley.tomasulo@aol.com
Barbra	Adkin	Binswanger	Brooklyn	718-201-3751	badkin@hotmail.com
Hermila	Thyberg	Chilton Malting Co	Providence	401-893-4882	hermila_thyberg@hotmail.com
Jesusita	Flister	"Schoen, Edward J Jr"	Lancaster	717-885-9118	jesusita.flister@hotmail.com
Caitlin	Julia	"Helderman, Seymour Cpa"	Johnston	401-948-4982	caitlin.julia@julia.org
Roosevelt	Hoffis	"Denbrook, Myron"	Hialeah	305-622-4739	roosevelt.hoffis@aol.com
Helaine	Halter	"Lippitt, Mike"	Jersey City	201-832-4168	hhalter@yahoo.com
Lorean	Martabano	"Hiram, Hogg P Esq"	San Antonio	210-856-4979	lorean.martabano@hotmail.com
France	Buzick	In Travel Agency	Brooklyn	718-478-8504	france.buzick@yahoo.com
Justine	Ferrario	Newhart Foods Inc	Pomona	909-993-3242	jferrario@hotmail.com
Adelina	Nabours	Courtyard By Marriott	Cleveland	216-230-4892	adelina_nabours@gmail.com
Derick	Dhamer	"Studer, Eugene A Esq"	New York	212-304-4515	ddhamer@cox.net
Jerry	Dallen	Seashore Supply Co Waretown	Richmond	804-762-9576	jerry.dallen@yahoo.com
Leota	Ragel	Mayar Silk Inc	Trion	706-221-4243	leota.ragel@gmail.com
Jutta	Amyot	National Medical Excess Corp	Broussard	337-515-1438	jamyot@hotmail.com
Aja	Gehrett	Stero Company	Nutley	973-544-2677	aja_gehrett@hotmail.com
Kirk	Herritt	"Hasting, H Duane Esq"	Vestal	607-407-3716	kirk.herritt@aol.com
Leonora	Mauson	Insty Prints	Passaic	973-412-2995	leonora@yahoo.com
Winfred	Brucato	Glenridge Manor Mobile Home Pk	Moscow	208-252-4552	winfred_brucato@hotmail.com
Tarra	Nachor	Circuit Solution Inc	San Francisco	415-411-1775	tarra.nachor@cox.net
Corinne	Loder	Local Office	North Attleboro	508-942-4186	corinne@loder.org
Dulce	Labreche	Lee Kilkelly Paulson & Kabaker	Rochester	248-357-8718	dulce_labreche@yahoo.com
Kate	Keneipp	"Davis, Maxon R Esq"	Green Bay	920-353-6377	kate_keneipp@yahoo.com
Kaitlyn	Ogg	"Garrison, Paul E Esq"	Baltimore	410-665-4903	kaitlyn.ogg@gmail.com
Sherita	Saras	Black History Resource Center	Colorado Springs	719-669-1664	sherita.saras@cox.net
Lashawnda	Stuer	"Rodriguez, J Christopher Esq"	Toledo	419-588-8719	lstuer@cox.net
Ernest	Syrop	Grant Family Health Center	Hyattsville	301-998-9644	ernest@cox.net
Nobuko	Halsey	Goeman Wood Products Inc	New Bedford	508-855-9887	nobuko.halsey@yahoo.com
Lavonna	Wolny	"Linhares, Kenneth A Esq"	Mc Lean	703-483-1970	lavonna.wolny@hotmail.com
Lashaunda	Lizama	Earnhardt Printing	Hanover	410-678-2473	llizama@cox.net
Mariann	Bilden	H P G Industrys Inc	Austin	512-223-4791	mariann.bilden@aol.com
Helene	Rodenberger	Bailey Transportation Prod Inc	Peoria	623-461-8551	helene@aol.com
Roselle	Estell	Mcglynn Bliss Pc	Bucyrus	419-571-5920	roselle.estell@hotmail.com
Samira	Heintzman	Mutual Fish Co	Kent	206-311-4137	sheintzman@hotmail.com
Margart	Meisel	"Yeates, Arthur L Aia"	Cincinnati	513-617-2362	margart_meisel@yahoo.com
Kristofer	Bennick	"Logan, Ronald J Esq"	Bloomington	812-368-1511	kristofer.bennick@yahoo.com
Weldon	Acuff	Advantage Martgage Company	Arlington Heights	847-353-2156	wacuff@gmail.com
Shalon	Shadrick	Germer And Gertz Llp	Brooklyn	718-232-2337	shalon@cox.net
Denise	Patak	Spence Law Offices	Orlando	407-446-4358	denise@patak.org
Louvenia	Beech	John Ortiz Nts Therapy Center	Beverly Hills	310-820-2117	louvenia.beech@beech.com
Audry	Yaw	Mike Uchrin Htg & Air Cond Inc	Brandon	813-797-4816	audry.yaw@yaw.org
Kristel	Ehmann	"Mccoy, Joy Reynolds Esq"	El Paso	915-452-1290	kristel.ehmann@aol.com
Vincenza	Zepp	Kbor 1600 Am	El Cajon	619-603-5125	vzepp@gmail.com
Elouise	Gwalthney	Quality Inn Northwest	Bladensburg	301-841-5012	egwalthney@yahoo.com
Venita	Maillard	Wallace Church Assoc Inc	Anaheim	714-523-6653	venita_maillard@gmail.com
Kasandra	Semidey	Can Tron	Saint Louis	314-732-9131	kasandra_semidey@semidey.com
Xochitl	Discipio	Ravaal Enterprises Inc	Round Rock	512-233-1831	xdiscipio@gmail.com
Maile	Linahan	Thompson Steel Company Inc	Greensboro	336-670-2640	mlinahan@yahoo.com
Krissy	Rauser	"Anderson, Mark A Esq"	Coram	631-443-4710	krauser@cox.net
Pete	Dubaldi	Womack & Galich	Lyndhurst	201-825-2514	pdubaldi@hotmail.com
Linn	Paa	Valerie & Company	Memphis	901-412-4381	linn_paa@paa.com
Paris	Wide	Gehring Pumps Inc	Atlanta	404-505-4445	paris@hotmail.com
Wynell	Dorshorst	"Haehnel, Craig W Esq"	Pacifica	650-473-1262	wynell_dorshorst@dorshorst.org
Quentin	Birkner	Spoor Behrins Campbell & Young	Burnsville	952-702-7993	qbirkner@aol.com
Regenia	Kannady	Ken Jeter Store Equipment Inc	Scottsdale	480-726-1280	regenia.kannady@cox.net
Sheron	Louissant	"Potter, Brenda J Cpa"	Long Island City	718-976-8610	sheron@aol.com
Izetta	Funnell	Baird Kurtz & Dobson	Atlanta	770-844-3447	izetta.funnell@hotmail.com
Rodolfo	Butzen	"Minor, Cynthia A Esq"	Northfield	507-210-3510	rodolfo@hotmail.com
Zona	Colla	"Solove, Robert A Esq"	Norwalk	203-461-1949	zona@hotmail.com
Serina	Zagen	Mark Ii Imports Inc	Fort Wayne	260-273-3725	szagen@aol.com
Paz	Sahagun	White Sign Div Ctrl Equip Co	Meridian	601-927-8287	paz_sahagun@cox.net
Markus	Lukasik	M & M Store Fixtures Co Inc	Sterling Heights	586-970-7380	markus@yahoo.com
Jaclyn	Bachman	Judah Caster & Wheel Co	Colorado Springs	719-853-3600	jaclyn@aol.com
Cyril	Daufeldt	Galaxy International Inc	New York	212-745-8484	cyril_daufeldt@daufeldt.com
Gayla	Schnitzler	Sigma Corp Of America	Hayward	510-686-3407	gschnitzler@gmail.com
Erick	Nievas	"Soward, Anne Esq"	Chicago	773-704-9903	erick_nievas@aol.com
Jennie	Drymon	"Osborne, Michelle M Esq"	Scranton	570-218-4831	jennie@cox.net
Mitsue	Scipione	Students In Free Entrprs Natl	Oroville	530-986-9272	mscipione@scipione.com
Ciara	Ventura	"Johnson, Robert M Esq"	Port Jervis	845-823-8877	cventura@yahoo.com
Galen	Cantres	Del Charro Apartments	Brook Park	216-600-6111	galen@yahoo.com
Truman	Feichtner	Legal Search Inc	Bloomfield	973-852-2736	tfeichtner@yahoo.com
Gail	Kitty	Service Supply Co Inc	Anchorage	907-435-9166	gail@kitty.com
Dalene	Schoeneck	"Sameshima, Douglas J Esq"	Philadelphia	215-268-1275	dalene@schoeneck.org
Gertude	Witten	"Thompson, John Randolph Jr"	Cincinnati	513-977-7043	gertude.witten@gmail.com
Lizbeth	Kohl	E T Balancing Co Inc	Gardena	310-699-1222	lizbeth@yahoo.com
Glenn	Berray	"Griswold, John E Esq"	Des Moines	515-370-7348	gberray@gmail.com
Lashandra	Klang	Acqua Group	King of Prussia	610-809-1818	lashandra@yahoo.com
Lenna	Newville	"Brooks, Morris J Jr"	Raleigh	919-623-2524	lnewville@newville.com
Laurel	Pagliuca	Printing Images Corp	Richland	509-695-5199	laurel@yahoo.com
Mireya	Frerking	Roberts Supply Co Inc	Pelham	914-868-5965	mireya.frerking@hotmail.com
Annelle	Tagala	Vico Products Mfg Co	Parkville	410-757-1035	annelle@yahoo.com
Dean	Ketelsen	J M Custom Design Millwork	Hicksville	516-847-4418	dean_ketelsen@gmail.com
Levi	Munis	Farrell & Johnson Office Equip	Worcester	508-456-4907	levi.munis@gmail.com
Sylvie	Ryser	Millers Market & Deli	Tulsa	918-644-9555	sylvie@aol.com
Sharee	Maile	Holiday Inn Naperville	Muskegon	231-467-9978	sharee_maile@aol.com
Cordelia	Storment	"Burrows, Jon H Esq"	Lafayette	337-566-6001	cordelia_storment@aol.com
Mollie	Mcdoniel	Dock Seal Specialty	Bowling Green	419-975-3182	mollie_mcdoniel@yahoo.com
Brett	Mccullan	Five Star Limousines Of Tx Inc	La Mesa	619-461-9984	brett.mccullan@mccullan.com
Teddy	Pedrozo	"Barkan, Neal J Esq"	Bridgeport	203-892-3863	teddy_pedrozo@aol.com
Tasia	Andreason	"Campbell, Robert A"	Kearny	201-920-9002	tasia_andreason@yahoo.com
Hubert	Walthall	"Dee, Deanna"	Barberton	330-903-1345	hubert@walthall.org
Arthur	Farrow	"Young, Timothy L Esq"	Englewood	201-238-5688	arthur.farrow@yahoo.com
Vilma	Berlanga	"Wells, D Fred Esq"	Grand Rapids	616-737-3085	vberlanga@berlanga.com
Billye	Miro	"Gray, Francine H Esq"	Pearl	601-567-5386	billye_miro@cox.net
Glenna	Slayton	Toledo Iv Care	Memphis	901-640-9178	glenna_slayton@cox.net
Mitzie	Hudnall	Cangro Transmission Co	Englewood	303-402-1940	mitzie_hudnall@yahoo.com
Bernardine	Rodefer	Sat Poly Inc	Memphis	901-901-4726	bernardine_rodefer@yahoo.com
Staci	Schmaltz	Midwest Contracting & Mfg Inc	Pasadena	626-866-2339	staci_schmaltz@aol.com
Nichelle	Meteer	Print Doctor	Chicago	773-225-9985	nichelle_meteer@meteer.com
Janine	Rhoden	Nordic Group Inc	Astoria	718-228-5894	jrhoden@yahoo.com
Ettie	Hoopengardner	Jackson Millwork Co	Richland	509-755-5393	ettie.hoopengardner@hotmail.com
Eden	Jayson	Harris Corporation	Baltimore	410-890-7866	eden_jayson@yahoo.com
Lynelle	Auber	United Cerebral Palsy Of Ne Pa	Newark	973-860-8610	lynelle_auber@gmail.com
Merissa	Tomblin	One Day Surgery Center Inc	Bellflower	562-579-6900	merissa.tomblin@gmail.com
Golda	Kaniecki	Calaveras Prospect	Toms River	732-628-9909	golda_kaniecki@yahoo.com
Catarina	Gleich	"Terk, Robert E Esq"	Denville	973-210-3994	catarina_gleich@hotmail.com
Virgie	Kiel	"Cullen, Terrence P Esq"	Denver	303-776-7548	vkiel@hotmail.com
Jolene	Ostolaza	Central Die Casting Mfg Co Inc	Newport News	757-682-7116	jolene@yahoo.com
Keneth	Borgman	Centerline Engineering	Phoenix	602-919-4211	keneth@yahoo.com
Rikki	Nayar	Targan & Kievit Pa	Miami	305-968-9487	rikki@nayar.com
Elke	Sengbusch	Riley Riper Hollin & Colagreco	Phoenix	602-896-2993	elke_sengbusch@yahoo.com
Hoa	Sarao	"Kaplan, Joel S Esq"	Oak Hill	386-526-7800	hoa@sarao.org
Trinidad	Mcrae	Water Office	San Francisco	415-331-9634	trinidad_mcrae@yahoo.com
Mari	Lueckenbach	"Westbrooks, Nelson E Jr"	San Diego	858-793-9684	mari_lueckenbach@yahoo.com
Selma	Husser	Armon Communications	Jersey City	201-991-8369	selma.husser@cox.net
Antione	Onofrio	Jacobs & Gerber Inc	San Bernardino	909-430-7765	aonofrio@onofrio.com
Luisa	Jurney	Forest Fire Laboratory	Cambridge	617-365-2134	ljurney@hotmail.com
Clorinda	Heimann	"Haughey, Charles Jr"	Escondido	760-291-5497	clorinda.heimann@hotmail.com
Dick	Wenzinger	Wheaton Plastic Products	Gardena	310-510-9713	dick@yahoo.com
Ahmed	Angalich	Reese Plastics	Harrisburg	717-528-8996	ahmed.angalich@angalich.com
Iluminada	Ohms	Nazette Marner Good Wendt	Mesa	480-293-2882	iluminada.ohms@yahoo.com
Joanna	Leinenbach	Levinson Axelrod Wheaton	Lake Worth	561-470-4574	joanna_leinenbach@hotmail.com
Caprice	Suell	"Egnor, W Dan Esq"	Nashville	615-246-1824	caprice@aol.com
Stephane	Myricks	Portland Central Thriftlodge	Burlington	859-717-7638	stephane_myricks@cox.net
Quentin	Swayze	Ulbrich Trucking	Milan	734-561-6170	quentin_swayze@yahoo.com
Annmarie	Castros	Tipiak Inc	Conroe	936-751-7961	annmarie_castros@gmail.com
Shonda	Greenbush	Saint George Well Drilling	Clifton	973-482-2430	shonda_greenbush@cox.net
Cecil	Lapage	"Hawkes, Douglas D"	Union City	201-693-3967	clapage@lapage.com
Jeanice	Claucherty	Accurel Systems Intrntl Corp	Miami	305-988-4162	jeanice.claucherty@yahoo.com
Josphine	Villanueva	Santa Cruz Community Internet	Moss	931-553-9774	josphine_villanueva@villanueva.com
Daniel	Perruzza	Gersh & Danielson	Santa Ana	714-771-3880	dperruzza@perruzza.com
Cassi	Wildfong	"Cobb, James O Esq"	Rolling Meadows	847-633-3216	cassi.wildfong@aol.com
Britt	Galam	Wheatley Trucking Company	Hatfield	215-888-3304	britt@galam.org
Adell	Lipkin	Systems Graph Inc Ab Dick Dlr	Whippany	973-654-1561	adell.lipkin@lipkin.com
Jacqueline	Rowling	John Hancock Mutl Life Ins Co	Erie	814-865-8113	jacqueline.rowling@yahoo.com
Lonny	Weglarz	History Division Of State	Salt Lake City	801-293-9853	lonny_weglarz@gmail.com
Lonna	Diestel	"Dimmock, Thomas J Esq"	Fayetteville	910-922-3672	lonna_diestel@gmail.com
Cristal	Samara	Intermed Inc	Los Angeles	213-975-8026	cristal@cox.net
Kenneth	Grenet	Bank Of New York	East Lansing	517-499-2322	kenneth.grenet@grenet.org
Elli	Mclaird	Sportmaster Intrnatl	Utica	315-818-2638	emclaird@mclaird.com
Alline	Jeanty	W W John Holden Inc	South Bend	574-656-2800	ajeanty@gmail.com
Sharika	Eanes	Maccani & Delp	Orlando	407-312-1691	sharika.eanes@aol.com
Nu	Mcnease	Amazonia Film Project	Harrison	973-751-9003	nu@gmail.com
Daniela	Comnick	Water & Sewer Department	Trenton	609-200-8577	dcomnick@cox.net
Cecilia	Colaizzo	Switchcraft Inc	Madison	608-382-4541	cecilia_colaizzo@colaizzo.com
Leslie	Threets	C W D C Metal Fabricators	Katonah	914-861-9748	leslie@cox.net
Nan	Koppinger	"Shimotani, Grace T"	Greensboro	336-370-5333	nan@koppinger.com
Izetta	Dewar	"Lisatoni, Jean Esq"	Baltimore	410-473-1708	idewar@dewar.com
Tegan	Arceo	Ceramic Tile Sales Inc	Monroe Township	732-730-2692	tegan.arceo@arceo.org
Ruthann	Keener	Maiden Craft Inc	Kerrville	830-258-2769	ruthann@hotmail.com
Joni	Breland	Carriage House Cllsn Rpr Inc	Elk Grove Village	847-519-5906	joni_breland@cox.net
Vi	Rentfro	Video Workshop	Freehold	732-605-4781	vrentfro@cox.net
Colette	Kardas	Fresno Tile Center Inc	Omaha	402-896-5943	colette.kardas@yahoo.com
Malcolm	Tromblay	Versatile Sash & Woodwork	Annandale	703-221-5602	malcolm_tromblay@cox.net
Ryan	Harnos	Warner Electric Brk & Cltch Co	Plano	972-558-1665	ryan@cox.net
Jess	Chaffins	New York Public Library	New York	212-510-4633	jess.chaffins@chaffins.org
Sharen	Bourbon	"Mccaleb, John A Esq"	Syosset	516-816-1541	sbourbon@yahoo.com
Nickolas	Juvera	United Oil Co Inc	Crystal River	352-598-8301	nickolas_juvera@cox.net
Gary	Nunlee	Irving Foot Center	Fortville	317-542-6023	gary_nunlee@nunlee.org
Diane	Devreese	Acme Supply Co	Saint Joseph	816-557-9673	diane@cox.net
Roslyn	Chavous	"Mcrae, James L"	Jackson	601-234-9632	roslyn.chavous@chavous.org
Glory	Schieler	Mcgraths Seafood	Abilene	325-869-2649	glory@yahoo.com
Rasheeda	Sayaphon	"Kummerer, J Michael Esq"	Saratoga	408-805-4309	rasheeda@aol.com
Alpha	Palaia	"Stoffer, James M Jr"	Cherry Hill	856-312-2629	alpha@yahoo.com
Refugia	Jacobos	North Central Fl Sfty Cncl	Hayward	510-974-8671	refugia.jacobos@jacobos.com
Shawnda	Yori	Fiorucci Foods Usa Inc	Longwood	407-538-5106	shawnda.yori@yahoo.com
Mona	Delasancha	Sign All	Cheyenne	307-403-1488	mdelasancha@hotmail.com
Gilma	Liukko	Sammys Steak Den	Garden City	516-393-9967	gilma_liukko@gmail.com
Janey	Gabisi	"Dobscha, Stephen F Esq"	Madison	608-967-7194	jgabisi@hotmail.com
Lili	Paskin	Morgan Custom Homes	Kearny	201-431-2989	lili.paskin@cox.net
Loren	Asar	Olsen Payne & Company	Old Forge	570-648-3035	loren.asar@aol.com
Dorothy	Chesterfield	Cowan & Kelly	San Diego	858-617-7834	dorothy@cox.net
Gail	Similton	"Johnson, Wes Esq"	Thousand Palms	760-616-5388	gail_similton@similton.com
Catalina	Tillotson	Icn Pharmaceuticals Inc	Margate City	609-373-3332	catalina@hotmail.com
Lawrence	Lorens	New England Sec Equip Co Inc	Providence	401-465-6432	lawrence.lorens@hotmail.com
Carlee	Boulter	"Tippett, Troy M Ii"	Abilene	785-347-1805	carlee.boulter@hotmail.com
Thaddeus	Ankeny	Atc Contracting	Roseville	916-920-3571	tankeny@ankeny.org
Jovita	Oles	"Pagano, Philip G Esq"	Daytona Beach	386-248-4118	joles@gmail.com
Alesia	Hixenbaugh	Kwikprint	Washington	202-646-7516	alesia_hixenbaugh@hixenbaugh.org
Lai	Harabedian	Buergi & Madden Scale	Novato	415-423-3294	lai@gmail.com
Brittni	Gillaspie	Inner Label	Boise	208-709-1235	bgillaspie@gillaspie.com
Raylene	Kampa	Hermar Inc	Elkhart	574-499-1454	rkampa@kampa.org
Flo	Bookamer	Simonton Howe & Schneider Pc	Alliance	308-726-2182	flo.bookamer@cox.net
Jani	Biddy	Warehouse Office & Paper Prod	Seattle	206-711-6498	jbiddy@yahoo.com
Chauncey	Motley	Affiliated With Travelodge	Orlando	407-413-4842	chauncey_motley@aol.com